"RK","PLAYER NAME",TEAM,"POS","BEST","WORST","AVG.","STD.DEV","ECR VS ADP"
"1","Aaron Judge",NYY,"OF1","1","2","1.4","0.5","0"
"2","Shohei Ohtani (Batter)",LAD,"DH1","2","2","2.0","0.0","-"
"3","Bobby Witt Jr.",KC,"SS1","3","4","3.0","0.0","0"
"4","Juan Soto",NYM,"OF2","3","5","4.0","0.0","0"
"5","Jose Ramirez",CLE,"3B1","4","10","5.6","0.5","0"
"6","Ronald Acuna Jr.",ATL,"OF3","5","16","6.7","0.5","+2"
"7","Corbin Carroll",ARI,"OF4","5","11","7.1","1.6","0"
"8","Julio Rodriguez",SEA,"OF5","7","11","8.7","1.0","+3"
"9","Tarik Skubal",DET,"SP1","5","21","9.3","2.6","-3"
"10","Elly De La Cruz",CIN,"SS2","6","18","9.9","2.0","-1"
"11","Paul Skenes",PIT,"SP2","9","19","11.6","1.4","-1"
"12","Fernando Tatis Jr.",SD,"OF6","10","21","12.7","2.8","+1"
"13","Garrett Crochet",BOS,"SP3","10","23","13.3","1.6","-1"
"14","Gunnar Henderson",BAL,"SS3","11","20","13.7","1.2","+4"
"15","Kyle Tucker",LAD,"OF7","8","26","15.0","3.1","+4"
"16","Francisco Lindor",NYM,"SS4","12","18","15.0","0.9","0"
"17","Junior Caminero",TB,"3B2","7","44","16.3","2.0","-3"
"18","Cal Raleigh",SEA,"C1","12","21","18.0","1.3","-3"
"19","Nick Kurtz",ATH,"1B1","17","27","19.1","1.5","-2"
"20","Jackson Chourio",MIL,"OF8","11","24","19.9","1.5","+2"
"21","Vladimir Guerrero Jr.",TOR,"1B2","15","24","20.0","2.3","-1"
"22","Kyle Schwarber",PHI,"DH2","15","24","20.7","2.0","-1"
"23","Jazz Chisholm Jr.",NYY,"2B1","13","24","21.6","2.0","0"
"24","Pete Alonso",BAL,"1B3","22","29","24.4","1.6","+2"
"25","Trea Turner",PHI,"SS5","21","42","26.4","2.8","+2"
"26","Ketel Marte",ARI,"2B2","20","38","27.6","3.3","+2"
"27","Yordan Alvarez",HOU,"OF9","24","44","28.7","3.4","+6"
"28","Yoshinobu Yamamoto",LAD,"SP4","23","48","29.4","3.8","-4"
"29","Cristopher Sanchez",PHI,"SP5","26","41","30.0","3.1","-4"
"30","Bryce Harper",PHI,"1B4","29","50","31.7","3.1","+13"
"31","Manny Machado",SD,"3B3","25","51","33.3","3.2","+4"
"32","Matt Olson",ATL,"1B5","25","52","33.7","6.5","+10"
"33","Hunter Brown",HOU,"SP6","30","44","34.7","2.7","-3"
"34","Pete Crow-Armstrong",CHC,"OF10","25","57","35.9","7.3","-5"
"35","Rafael Devers",SF,"1B6","25","59","36.3","7.2","+10"
"36","Zach Neto",LAA,"SS6","29","48","37.0","4.2","-5"
"37","Chris Sale",ATL,"SP7","30","47","37.9","2.4","-3"
"38","James Wood",WSH,"OF11","30","47","38.3","5.4","-6"
"39","Logan Gilbert",SEA,"SP8","31","42","38.9","2.2","-2"
"40","Bryan Woo",SEA,"SP9","28","45","39.3","2.8","-4"
"41","Jacob deGrom",TEX,"SP10","35","74","43.1","5.1","-1"
"42","Logan Webb",SF,"SP11","36","76","44.1","9.0","+5"
"43","Mookie Betts",LAD,"SS7","37","65","45.1","7.1","+6"
"44","Hunter Greene",CIN,"SP12","40","55","46.0","3.3","+2"
"45","Brent Rooker",ATH,"OF12","32","150","48.6","12.2","+3"
"46","Cole Ragans",KC,"SP13","33","61","48.7","4.6","+10"
"47","Max Fried",NYY,"SP14","43","81","49.0","5.7","-3"
"48","Roman Anthony",BOS,"OF13","39","74","53.0","6.3","+9"
"49","Wyatt Langford",TEX,"OF14","36","72","54.1","3.1","+3"
"50","Freddie Freeman",LAD,"1B7","31","101","54.7","11.5","+3"
"51","Riley Greene",DET,"OF15","38","77","55.6","8.3","+10"
"52","Josh Naylor",SEA,"1B8","38","66","55.7","6.3","+7"
"53","Joe Ryan",MIN,"SP15","43","86","56.1","5.0","+11"
"54","Brice Turang",MIL,"2B3","32","79","57.4","11.9","0"
"55","William Contreras",MIL,"C2","46","67","59.1","3.8","0"
"56","Jackson Merrill",SD,"CF1","48","90","59.3","8.4","+21"
"57","Jarren Duran",BOS,"OF16","33","80","59.9","8.6","+13"
"58","Austin Riley",ATL,"3B4","50","97","61.0","11.6","+9"
"59","George Kirby",SEA,"SP16","48","84","61.9","5.8","+9"
"60","Freddy Peralta",MIL,"SP17","50","83","62.1","9.4","-2"
"61","Spencer Schwellenbach",ATL,"SP18","52","85","63.1","4.6","+21"
"62","Cody Bellinger",FA,"OF17","46","87","63.6","7.4","+9"
"63","Geraldo Perdomo",ARI,"SS8","40","81","65.7","13.3","+3"
"64","Blake Snell",LAD,"SP19","49","102","65.9","13.1","-1"
"65","CJ Abrams",WSH,"SS9","47","83","66.3","8.2","-5"
"66","Dylan Cease",TOR,"SP20","49","100","66.4","14.1","+9"
"67","Mason Miller",SD,"RP1","28","151","66.7","20.2","-26"
"68","Shea Langeliers",ATH,"C3","54","102","68.9","9.3","+1"
"69","Corey Seager",TEX,"SS10","57","107","70.7","5.6","+25"
"70","Jesus Luzardo",PHI,"SP21","63","91","71.1","6.2","+9"
"71","Bo Bichette",NYM,"SS11","53","109","71.6","6.4","+22"
"72","George Springer",TOR,"OF18","57","105","74.9","6.6","+6"
"73","Vinnie Pasquantino",KC,"1B9","37","87","75.4","6.6","+13"
"74","Kyle Bradish",BAL,"SP22","64","87","78.0","5.8","+9"
"75","Jeremy Pena",HOU,"SS12","67","101","78.0","6.1","+21"
"76","Ben Rice",NYY,"1B10","55","109","78.4","15.9","-14"
"77","Framber Valdez",FA,"SP23","61","92","78.4","10.1","+8"
"78","Seiya Suzuki",CHC,"OF19","66","108","78.9","9.7","+9"
"79","Hunter Goodman",COL,"C4","52","238","79.0","13.2","+1"
"80","Byron Buxton",MIN,"CF2","47","95","79.1","9.6","-7"
"81","Randy Arozarena",SEA,"OF20","61","90","81.0","5.8","+7"
"82","Nick Pivetta",SD,"SP24","71","100","82.0","9.0","-1"
"83","Andres Munoz",SEA,"RP2","32","147","83.4","16.5","-44"
"84","Maikel Garcia",KC,"2B4","73","99","83.6","6.0","-10"
"85","Edwin Diaz",LAD,"RP3","27","187","86.0","36.7","-47"
"86","Jhoan Duran",PHI,"RP4","35","170","86.1","13.9","-35"
"87","Michael Harris II",ATL,"OF21","66","101","91.4","5.5","+18"
"88","Tyler Soderstrom",ATH,"1B11","68","101","92.1","6.7","+4"
"89","Alex Bregman",CHC,"3B5","58","124","92.3","13.8","+22"
"90","Tyler Glasnow",LAD,"SP25","79","119","93.6","7.4","+22"
"91","Cade Smith",CLE,"RP5","36","189","94.0","23.0","-41"
"92","Eury Perez",MIA,"SP26","88","156","95.0","4.0","+11"
"93","Oneil Cruz",PIT,"CF3","77","129","95.3","10.0","+2"
"94","Kevin Gausman",TOR,"SP27","76","133","100.4","13.5","+15"
"95","Nico Hoerner",CHC,"2B5","83","118","100.6","4.4","-6"
"96","Nolan McLean",NYM,"SP28","89","130","101.4","12.7","+4"
"97","Kyle Stowers",MIA,"OF22","84","126","101.9","10.7","+31"
"98","Pablo Lopez",MIN,"SP29","76","156","102.7","26.4","+27"
"99","Agustin Ramirez",MIA,"C5","69","137","105.1","17.7","-8"
"100","Spencer Strider",ATL,"SP30","70","199","105.1","27.3","-3"
"101","Michael Busch",CHC,"1B12","94","114","105.1","6.9","+13"
"102","Eugenio Suarez",FA,"3B6","59","129","105.3","4.0","+2"
"103","Jose Altuve",HOU,"2B6","67","146","105.3","12.8","-2"
"104","Christian Yelich",MIL,"OF23","56","142","106.0","25.5","+3"
"105","Willy Adames",SF,"SS13","90","158","106.9","11.4","+14"
"106","Sonny Gray",BOS,"SP31","76","177","107.3","23.7","+7"
"107","Yandy Diaz",TB,"1B13","93","135","109.1","12.9","+1"
"108","Salvador Perez",KC,"C6","84","120","110.0","7.2","-10"
"109","Teoscar Hernandez",LAD,"OF24","92","153","111.9","17.0","+13"
"110","Brandon Woodruff",MIL,"SP32","106","153","112.1","4.8","+8"
"111","Trevor Story",BOS,"SS14","78","161","112.4","16.6","-1"
"112","Josh Hader",HOU,"RP6","51","212","113.3","37.3","-47"
"113","Will Smith",LAD,"C7","101","135","113.7","8.8","-7"
"114","Jordan Westburg",BAL,"2B7","76","141","117.6","14.9","+12"
"115","Trey Yesavage",TOR,"SP33","105","156","122.7","7.5","+24"
"116","David Bednar",NYY,"RP7","46","202","123.4","29.9","-40"
"117","Ozzie Albies",ATL,"2B8","116","170","123.9","3.3","+40"
"118","Jo Adell",LAA,"OF25","113","138","124.0","5.2","+18"
"119","Shohei Ohtani (Pitcher)",LAD,"SP34","93","156","124.5","0.0","-"
"120","Andy Pages",LAD,"OF26","115","144","124.7","7.0","+18"
"121","Luke Keaschall",MIN,"2B9","92","158","125.3","16.3","+16"
"122","Brandon Nimmo",TEX,"OF27","94","157","125.7","16.4","+2"
"123","Drake Baldwin",ATL,"C8","86","157","126.6","12.8","-24"
"124","Sandy Alcantara",MIA,"SP35","95","205","127.0","28.1","+25"
"125","Luis Castillo",SEA,"SP36","98","178","129.4","25.5","+23"
"126","Cam Schlittler",NYY,"SP37","120","136","130.1","3.7","+3"
"127","Jakob Marsee",MIA,"OF28","96","148","130.3","8.6","+13"
"128","Lawrence Butler",ATH,"OF29","115","155","130.3","8.5","+18"
"129","Robbie Ray",SF,"SP38","103","188","130.9","18.3","+32"
"130","Zack Wheeler",PHI,"SP39","91","203","131.9","20.9","-10"
"131","Aroldis Chapman",BOS,"RP8","43","203","132.4","27.5","-59"
"132","Taylor Ward",BAL,"OF30","112","244","132.6","14.9","+10"
"133","Shane Bieber",TOR,"SP40","97","169","132.7","24.2","+17"
"134","Nathan Eovaldi",TEX,"SP41","93","164","133.9","19.7","-2"
"135","Trevor Rogers",BAL,"SP42","107","174","134.9","13.9","+18"
"136","Nick Lodolo",CIN,"SP43","126","151","135.3","5.2","+7"
"137","Gavin Williams",CLE,"SP44","120","178","136.1","6.4","+15"
"138","Devin Williams",NYM,"RP9","48","232","136.4","35.2","-54"
"139","Jacob Misiorowski",MIL,"SP45","104","153","136.7","7.2","-8"
"140","Jackson Holliday",BAL,"2B10","115","187","139.7","9.8","-10"
"141","Michael King",SD,"SP46","107","163","140.7","11.0","-7"
"142","Jacob Wilson",ATH,"SS15","94","171","142.0","19.0","+27"
"143","Ryan Pepiot",TB,"SP47","108","201","142.3","7.4","+12"
"144","Matt Chapman",SF,"3B7","119","204","143.9","24.4","+39"
"145","Raisel Iglesias",ATL,"RP10","69","221","145.6","28.1","-43"
"146","Ian Happ",CHC,"OF31","105","233","145.9","14.3","+16"
"147","Chase Burns",CIN,"SP,RP1","94","193","147.3","18.2","-24"
"148","Luis Robert Jr.",CWS,"OF32","128","181","147.7","4.6","-1"
"149","Ranger Suarez",BOS,"SP48","111","181","148.1","15.5","+30"
"150","Emmet Sheehan",LAD,"SP49","120","168","148.7","8.1","+1"
"151","Jurickson Profar",ATL,"OF33","110","178","150.3","12.5","+26"
"152","Bubba Chandler",PIT,"SP50","135","165","152.0","5.6","+20"
"153","Steven Kwan",CLE,"OF34","123","218","152.4","24.3","+13"
"154","Ceddanne Rafaela",BOS,"OF35","125","219","154.1","19.5","+6"
"155","Dansby Swanson",CHC,"SS16","123","224","154.3","18.2","+8"
"156","Tanner Bibee",CLE,"SP51","121","200","156.4","15.9","+28"
"157","Carlos Estevez",KC,"RP11","74","215","157.9","16.4","-67"
"158","MacKenzie Gore",WSH,"SP52","124","214","159.6","22.5","+36"
"159","Willson Contreras",BOS,"1B14","71","210","160.4","34.4","+22"
"160","Xavier Edwards",MIA,"SS17","140","192","161.4","10.5","+30"
"161","Yainer Diaz",HOU,"C9","102","207","163.3","22.5","-40"
"162","Brandon Lowe",PIT,"2B11","120","248","163.7","18.0","+9"
"163","Noelvi Marte",CIN,"3B8","125","237","163.7","20.8","-7"
"164","Adley Rutschman",BAL,"C10","134","276","164.9","15.6","-20"
"165","Shota Imanaga",CHC,"SP53","114","215","165.0","13.0","0"
"166","Chandler Simpson",TB,"OF36","136","210","165.0","18.2","-7"
"167","Carlos Rodon",NYY,"SP54","122","216","167.9","20.7","+8"
"168","Bryan Reynolds",PIT,"OF37","136","248","168.0","21.8","+33"
"169","Spencer Torkelson",DET,"1B15","125","221","168.4","20.0","+20"
"170","Jeff Hoffman",TOR,"RP12","108","230","172.9","28.9","-43"
"171","Trevor Megill",MIL,"RP13","96","231","173.7","21.0","-55"
"172","Ryan Helsley",BAL,"RP14","67","286","173.9","53.3","-57"
"173","Drew Rasmussen",TB,"SP55","145","198","174.9","10.4","-5"
"174","Jonathan Aranda",TB,"1B16","141","229","175.7","10.6","-1"
"175","Dylan Crews",WSH,"OF38","150","297","177.6","16.7","+12"
"176","Cade Horton",CHC,"SP56","109","191","177.9","7.9","+6"
"177","Christian Walker",HOU,"1B17","127","252","178.0","33.1","-1"
"178","Colson Montgomery",CWS,"SS18","155","215","181.9","17.3","-8"
"179","Ivan Herrera",STL,"C11","148","217","182.0","9.0","-34"
"180","Pete Fairbanks",MIA,"RP15","118","241","182.7","11.3","-45"
"181","Emilio Pagan",CIN,"RP16","91","285","183.1","29.8","-40"
"182","Jack Flaherty",DET,"SP57","149","251","183.6","30.9","+59"
"183","Brenton Doyle",COL,"OF39","124","231","184.0","16.5","+9"
"184","Matthew Boyd",CHC,"SP58","140","235","184.7","12.2","+25"
"185","Edward Cabrera",CHC,"SP59","170","202","188.3","8.6","+10"
"186","Alec Burleson",STL,"OF40","126","275","188.9","35.9","0"
"187","Aaron Nola",PHI,"SP60","157","256","191.6","19.3","+41"
"188","Andrew Abbott",CIN,"SP61","165","218","191.6","10.8","+20"
"189","Isaac Paredes",HOU,"3B9","103","226","191.7","20.3","+7"
"190","Marcus Semien",NYM,"2B12","175","237","192.9","17.3","+30"
"191","Merrill Kelly",ARI,"SP62","169","234","193.1","13.1","+31"
"192","Kenley Jansen",DET,"RP17","100","247","194.0","19.5","-59"
"193","Tatsuya Imai",HOU,"SP63","143","233","194.1","28.8","-39"
"194","Ezequiel Tovar",COL,"SS19","157","277","194.4","35.8","+41"
"195","Zac Gallen",FA,"SP64","154","370","195.3","27.2","+22"
"196","Royce Lewis",MIN,"3B10","173","262","198.9","15.3","+7"
"197","Alejandro Kirk",TOR,"C12","159","287","199.7","19.6","-30"
"198","Jasson Dominguez",NYY,"OF41","138","237","201.6","11.1","+8"
"199","Daniel Palencia",CHC,"RP18","121","253","201.9","22.3","-41"
"200","Shane Baz",BAL,"SP65","149","240","202.6","13.5","+15"
"201","Heliot Ramos",SF,"OF42","176","283","204.7","14.9","+30"
"202","Dennis Santana",PIT,"RP19","141","255","205.0","13.3","-28"
"203","Mike Trout",LAA,"OF43","149","291","205.0","18.2","-25"
"204","Shane McClanahan",TB,"SP66","191","256","206.7","20.2","+12"
"205","Luis Garcia",WSH,"2B13","120","255","211.0","14.1","+51"
"206","Addison Barger",TOR,"3B11","175","263","213.1","17.0","-18"
"207","Jorge Polanco",NYM,"2B14","128","273","213.4","40.5","+11"
"208","Kerry Carpenter",DET,"OF44","160","236","213.9","15.4","+22"
"209","Daulton Varsho",TOR,"OF45","180","249","215.4","18.0","-2"
"210","Connelly Early",BOS,"SP67","184","244","215.6","12.7","+17"
"211","Gleyber Torres",DET,"2B15","174","263","217.9","22.8","+27"
"212","Kyle Teel",CWS,"C13","172","266","218.0","22.9","-27"
"213","Bryson Stott",PHI,"2B16","187","280","218.1","29.3","-15"
"214","Anthony Santander",TOR,"OF46","182","257","219.9","13.6","-2"
"215","Mark Vientos",NYM,"3B12","132","286","220.7","26.1","+10"
"216","Kyle Manzardo",CLE,"1B18","162","246","221.0","18.0","+27"
"217","Wilyer Abreu",BOS,"OF47","184","279","222.0","10.4","+23"
"218","Kris Bubic",KC,"SP68","146","251","222.7","30.2","-16"
"219","Gabriel Moreno",ARI,"C14","168","275","223.3","26.7","-28"
"220","Masyn Winn",STL,"SS20","173","294","223.3","44.5","+67"
"221","Daylen Lile",WSH,"OF48","204","262","224.3","23.5","-28"
"222","Samuel Basallo",BAL,"C15","163","304","224.9","30.1","-42"
"223","Matt McLain",CIN,"2B17","163","267","226.0","14.9","+26"
"224","Sal Frelick",MIL,"OF49","190","257","228.6","15.1","-24"
"225","Matt Shaw",CHC,"3B13","166","280","228.9","33.9","-4"
"226","Ryne Nelson",ARI,"SP,RP2","206","261","229.4","7.3","+44"
"227","Bryce Miller",SEA,"SP69","112","274","231.9","15.6","+32"
"228","Abner Uribe",MIL,"RP20","122","288","232.6","17.4","-64"
"229","Ryan Walker",SF,"RP21","175","261","232.6","28.8","-24"
"230","Munetaka Murakami",CWS,"1B19","165","264","233.1","28.2","-31"
"231","Sal Stewart",CIN,"1B20","182","281","234.4","21.4","-5"
"232","Xander Bogaerts",SD,"SS21","182","278","234.6","17.6","+26"
"233","Alec Bohm",PHI,"3B14","213","294","236.1","17.4","+20"
"234","Quinn Priester",MIL,"SP,RP3","184","283","236.9","18.2","+23"
"235","Luis Arraez",FA,"2B18","162","296","237.0","21.2","+11"
"236","Ramon Laureano",SD,"OF50","184","270","237.3","27.4","-17"
"237","David Peterson",NYM,"SP70","164","362","224.5","64.5","+136"
"238","Roki Sasaki",LAD,"SP71","211","290","238.4","27.4","-2"
"239","Trent Grisham",NYY,"OF51","166","272","239.4","12.7","-28"
"240","Jac Caglianone",KC,"1B21","148","259","240.1","16.2","-6"
"241","Francisco Alvarez",NYM,"C16","177","286","240.4","32.9","-44"
"242","Spencer Steer",CIN,"1B22","191","294","241.9","27.5","-32"
"243","Brendan Donovan",STL,"2B19","219","273","242.1","18.1","+53"
"244","Jose Soriano",LAA,"SP72","181","348","228.8","55.5","+116"
"245","Andrew Vaughn",MIL,"1B23","152","285","244.7","20.1","+57"
"246","Otto Lopez",MIA,"2B20","164","297","246.0","17.8","-23"
"247","Adolis Garcia",PHI,"OF52","222","266","246.9","8.7","+1"
"248","Casey Mize",DET,"SP73","185","267","233.7","23.8","+35"
"249","Yusei Kikuchi",LAA,"SP74","183","375","241.7","62.0","+97"
"250","Carlos Correa",HOU,"SS22","220","299","251.7","15.5","+18"
"251","Noah Cameron",KC,"SP75","178","278","251.9","15.8","-7"
"252","Robert Suarez",ATL,"RP22","120","247","217.4","16.6","-135"
"253","TJ Friedl",CIN,"OF53","192","298","252.6","21.8","+2"
"254","Nolan Schanuel",LAA,"1B24","232","287","253.6","16.6","+46"
"255","Jordan Beck",COL,"OF54","215","288","253.9","21.4","-5"
"256","Carter Jensen",KC,"C17","189","293","254.0","36.8","-43"
"257","Joe Musgrove",SD,"SP76","205","369","259.7","45.4","+5"
"258","Dillon Dingler",DET,"C18","207","271","256.3","16.7","-13"
"259","Hurston Waldrep",ATL,"SP77","141","290","257.1","14.6","+14"
"260","Mitch Keller",PIT,"SP78","198","376","251.2","58.9","+91"
"261","Gerrit Cole",NYY,"SP79","195","316","261.6","35.7","-28"
"262","Brandon Pfaadt",ARI,"SP80","196","412","261.8","69.7","+131"
"263","Konnor Griffin",PIT,"SS23","143","291","263.7","24.1","-21"
"264","Max Muncy",LAD,"3B15","146","289","264.9","28.6","+11"
"265","Edwin Uceta",TB,"RP23","211","300","254.2","32.8","+12"
"266","Parker Messick",CLE,"SP81","197","340","255.7","48.8","-2"
"267","Clay Holmes",NYM,"SP82","185","355","258.3","52.6","+18"
"268","Griffin Jax",TB,"RP24","201","287","257.2","25.1","-17"
"269","Mickey Moniak",COL,"OF55","242","303","269.0","12.9","-37"
"270","Brett Baty",NYM,"3B16","220","297","269.7","19.9","+1"
"271","Shane Smith",CWS,"SP83","173","282","269.9","14.2","+8"
"272","Jack Leiter",TEX,"SP84","209","281","259.8","17.7","-11"
"273","Josh Lowe",LAA,"OF56","241","296","273.4","18.4","+9"
"274","Kazuma Okamoto",TOR,"3B17","174","314","262.8","45.7","-50"
"275","Colton Cowser",BAL,"OF57","222","294","274.1","12.2","-9"
"276","Jose Caballero",NYY,"2B21","177","295","265.0","21.2","-72"
"277","Brayan Bello",BOS,"SP85","174","299","251.2","42.6","+39"
"278","Caleb Durbin",MIL,"2B22","240","293","278.1","13.0","-26"
"279","Sean Manaea",NYM,"SP,RP4","228","328","278.3","21.6","+49"
"280","Jake Burger",TEX,"1B25","241","301","278.7","18.0","+13"
"281","Marcell Ozuna",FA,"DH3","228","310","279.0","6.8","+29"
"282","Reese Olson",DET,"SP86","210","295","281.3","13.8","-10"
"283","Colt Keith",DET,"2B23","249","308","273.3","24.2","+25"
"284","Chris Bassitt",FA,"SP87","247","385","282.2","46.6","+110"
"285","Kevin McGonigle",DET,"SS24","183","312","285.4","29.1","-11"
"286","Nick Castellanos",PHI,"OF58","229","330","286.7","23.4","+33"
"287","Andres Gimenez",TOR,"2B24","267","315","286.9","17.4","+19"
"288","Chase DeLauter",CLE,"OF59","233","322","287.1","27.0","+2"
"289","Tommy Edman",LAD,"2B25","218","304","287.6","11.7","+9"
"290","Austin Wells",NYY,"C19","228","288","249.8","23.7","-76"
"291","Giancarlo Stanton",NYY,"RF1","205","309","250.3","39.9","-62"
"292","J.T. Realmuto",PHI,"C20","205","290","270.4","29.9","-55"
"293","Kodai Senga",NYM,"SP88","189","327","272.2","47.0","-13"
"294","Brady Singer",CIN,"SP89","224","318","287.5","18.9","+36"
"295","Lenyn Sosa",CWS,"2B26","203","317","261.5","40.5","-14"
"296","Michael Wacha",KC,"SP90","225","361","291.2","33.9","+58"
"297","Jung Hoo Lee",SF,"OF60","242","312","288.3","14.7","-8"
"298","Bryan Abreu",HOU,"RP25","218","322","278.8","36.6","-31"
"299","Bryce Eldridge",SF,"1B26","201","357","271.0","56.6","+69"
"300","Joey Cantillo",CLE,"SP,RP5","194","297","267.5","42.8","+1"
"301","Grayson Rodriguez",LAA,"SP91","215","310","292.5","12.7","+13"
"302","Cedric Mullins II",TB,"OF61","250","325","284.2","25.9","+5"
"303","Reid Detmers",LAA,"RP26","260","363","297.7","34.5","+53"
"304","Logan Henderson",MIL,"SP92","233","368","291.0","50.4","-35"
"305","Jeff McNeil",ATH,"2B27","255","462","314.8","68.3","+99"
"306","Logan O'Hoppe",LAA,"C21","236","321","272.0","30.8","-67"
"307","Josh Bell",MIN,"1B27","271","356","297.3","27.4","+72"
"308","Will Vest",DET,"RP27","266","287","277.0","8.8","-45"
"309","Jonah Tong",NYM,"SP93","214","373","286.0","56.9","+34"
"310","Cam Smith",HOU,"RF2","221","343","281.0","48.1","+16"
"311","J.P. Crawford",SEA,"SS25","272","392","309.3","39.1","+63"
"312","Ha-Seong Kim",ATL,"SS26","279","311","292.8","10.4","-28"
"313","Ian Seymour",TB,"SP,RP6","264","337","294.0","24.9","+9"
"314","Ryan Weathers",NYY,"SP94","215","372","291.5","55.7","+25"
"315","Zach Eflin",BAL,"SP95","282","467","323.8","66.3","+133"
"316","Luis Severino",ATH,"SP96","252","459","322.6","71.0","+131"
"317","Tyler Mahle",SF,"SP97","203","436","305.0","97.3","-26"
"318","Miguel Vargas",CWS,"3B18","239","327","300.4","15.4","-23"
"319","Sean Murphy",ATL,"C22","252","338","290.8","37.5","+13"
"320","Grant Taylor",CWS,"RP28","221","323","300.8","14.0","+4"
"321","Jameson Taillon",CHC,"SP98","256","332","301.4","25.4","-8"
"322","JJ Wetherholt",STL,"SS27","161","323","302.4","17.6","-75"
"323","Owen Caissie",MIA,"OF62","228","398","307.5","63.7","+104"
"324","Cade Cavalli",WSH,"SP99","202","370","290.7","68.9","+60"
"325","Jordan Lawlar",ARI,"3B19","247","353","299.3","46.3","+15"
"326","Anthony Volpe",NYY,"SS28","267","366","310.2","32.7","+11"
"327","Josh Jung",TEX,"3B20","269","336","297.3","24.3","-12"
"328","Reynaldo Lopez",ATL,"SP100","226","401","316.3","62.3","+75"
"329","Ernie Clement",TOR,"3B21","282","293","288.0","4.5","-30"
"330","Spencer Horwitz",PIT,"1B28","284","339","309.0","20.9","+27"
"331","Jake Mangum",PIT,"OF63","217","356","306.5","53.7","+24"
"332","Justin Crawford",PHI,"OF64","231","357","296.0","51.5","-56"
"333","Tyler Stephenson",CIN,"C23","243","345","294.3","41.6","-73"
"334","Brooks Lee",MIN,"SS29","276","351","307.8","27.2","+2"
"335","Evan Carter",TEX,"OF65","289","298","293.3","3.7","-23"
"336","Zebby Matthews",MIN,"SP101","267","344","306.8","32.9","-13"
"337","Eduardo Rodriguez",ARI,"SP102","295","526","350.4","88.4","+193"
"338","Riley O'Brien",STL,"RP29","262","350","299.3","37.1","-44"
"339","Carson Kelly",CHC,"C24","267","281","274.0","7.0","-35"
"340","Tanner Scott",LAD,"RP30","265","332","298.3","27.4","-29"
"341","Ryan O'Hearn",PIT,"1B29","270","341","299.0","30.4","-76"
"342","Cody Ponce",TOR,"SP,RP7","282","315","299.0","13.5","-54"
"343","Edgar Quero",CWS,"C25","269","353","304.0","35.7","-38"
"344","Chase Meidroth",CWS,"3B22","261","347","312.0","33.0","0"
"345","Chad Patrick",MIL,"SP103","223","387","317.7","69.3","+26"
"346","Will Warren",NYY,"SP104","285","352","314.8","27.8","-21"
"347","Isaac Collins",KC,"LF1","253","319","286.0","33.0","+5"
"348","Brandon Marsh",PHI,"OF66","258","369","322.8","41.9","+10"
"349","Justin Steele",CHC,"SP105","239","453","347.7","87.4","+40"
"350","Jake Cronenworth",SD,"2B28","292","446","341.8","61.4","+64"
"351","Jose Berrios",TOR,"SP106","277","464","347.3","70.5","+93"
"352","Kyle Finnegan",DET,"RP31","284","301","292.5","8.5","-55"
"353","Carson Benge",NYM,"OF67","250","374","326.0","54.4","+19"
"354","Ronny Henriquez",MIA,"RP32","251","355","303.0","52.0","-27"
"355","Ryan Jeffers",MIN,"C26","252","339","295.5","43.5","-77"
"356","Braxton Ashcraft",PIT,"SP,RP8","252","358","318.3","47.2","-23"
"357","Jared Jones",PIT,"SP107","254","456","356.3","82.5","+76"
"358","Mike Burrows",HOU,"SP,RP9","268","366","321.0","40.4","-5"
"359","Cristian Javier",HOU,"SP108","261","422","347.7","66.3","+29"
"360","Jacob Lopez",ATH,"SP109","262","416","346.3","63.7","+31"
"361","Austin Hays",FA,"OF68","262","390","326.0","64.0","+26"
"362","Dylan Beavers",BAL,"OF69","300","302","301.0","1.0","-59"
"363","Seth Lugo",KC,"SP110","291","367","327.5","28.7","-18"
"364","Kirby Yates",LAA,"RP33","265","481","369.3","88.3","+124"
"365","Luis Morales",ATH,"SP111","268","381","338.0","49.9","+50"
"366","Jordan Walker",STL,"OF70","284","324","304.0","20.0","-19"
"367","Jordan Leasure",CWS,"RP34","269","367","318.0","49.0","-113"
"368","Lars Nootbaar",STL,"OF71","292","380","334.5","33.1","+7"
"369","Parker Meadows",DET,"OF72","270","435","352.5","82.5","+30"
"370","Jose A. Ferrer",SEA,"RP35","270","400","335.0","65.0","-21"
"371","Jeffrey Springs",ATH,"SP112","280","413","341.0","54.9","+53"
"372","Carlos Narvaez",BOS,"C27","271","271","271.0","0.0","-80"
"373","Jhostynxon Garcia",PIT,"OF73","273","479","376.0","103.0","+178"
"374","Bailey Ober",MIN,"SP113","281","333","307.0","26.0","-56"
"375","Marcelo Mayer",BOS,"2B29","276","434","352.3","64.6","+6"
"376","Robby Snelling",MIA,"SP114","284","408","346.0","62.0","+2"
"377","Dominic Canzone",SEA,"OF74","299","326","312.5","13.5","-36"
"378","JoJo Romero",STL,"RP36","287","424","355.5","68.5","+40"
"379","Andrew Painter",PHI,"SP115","289","384","336.5","47.5","-12"
"380","Troy Melton",DET,"SP,RP10","291","364","327.5","36.5","-94"
"381","Robert Garcia",TEX,"RP37","292","292","292.0","0.0","-50"
"382","Bo Naylor",CLE,"C28","296","296","296.0","0.0","-73"
"383","Matt Wallner",MIN,"OF75","298","342","320.0","22.0","-66"
"384","Payton Tolle",BOS,"SP,RP11","302","407","354.5","52.5","-14"
"385","Jeremiah Estrada",SD,"RP38","306","306","306.0","0.0","-51"
"386","Victor Scott",STL,"OF76","309","309","309.0","0.0","-57"
"387","Harrison Bader",FA,"OF77","311","311","311.0","0.0","-67"
"388","Calvin Faucher",MIA,"RP39","313","313","313.0","0.0","-25"
"389","Clayton Beeter",WSH,"RP40","318","379","348.5","30.5","+71"
"390","Victor Robles",SEA,"OF78","320","320","320.0","0.0","-69"
"391","Robert Stephenson",LAA,"RP41","325","325","325.0","0.0","+7"
"392","Victor Vodnik",COL,"RP42","335","335","335.0","0.0","-31"
"393","Jesus Sanchez",HOU,"OF79","336","336","336.0","0.0","-58"
"394","Zach McKinstry",DET,"3B23","341","341","341.0","0.0","-56"
"395","Connor Norby",MIA,"3B24","342","342","342.0","0.0","-53"
"396","Freddy Fermin",SD,"C29","344","344","344.0","0.0","-32"
"397","Michael McGreevy",STL,"SP116","346","382","364.0","18.0","+62"
"398","Harry Ford",WSH,"C30","346","346","346.0","0.0","-2"
"399","Triston Casas",BOS,"1B30","349","349","349.0","0.0","-40"
"400","Garrett Whitlock",BOS,"RP43","350","350","350.0","0.0","-15"
"401","Tony Santillan",CIN,"RP44","352","352","352.0","0.0","-53"
"402","Josh Smith",TEX,"SS30","354","354","354.0","0.0","-33"
"403","Danny Jansen",TEX,"C31","358","358","358.0","0.0","+33"
"404","Phil Maton",CHC,"RP45","359","359","359.0","0.0","+19"
"405","Garrett Cleavinger",TB,"RP46","360","360","360.0","0.0","+26"
"406","Landen Roupp",SF,"SP117","363","455","409.0","46.0","+32"
"407","Simeon Woods Richardson",MIN,"SP118","364","364","364.0","0.0","-57"
"408","Luke Weaver",NYM,"RP47","365","365","365.0","0.0","+3"
"409","Gavin Sheets",SD,"1B31","368","368","368.0","0.0","-47"
"410","Zack Littell",FA,"SP119","371","444","407.5","36.5","+10"
"411","Mike Yastrzemski",ATL,"OF80","371","371","371.0","0.0","+18"
"412","Luis Gil",NYY,"SP120","377","377","377.0","0.0","-47"
"413","Adrian Morejon",SD,"RP48","378","378","378.0","0.0","-27"
"414","Camilo Doval",NYY,"RP49","383","383","383.0","0.0","+38"
"415","Keibert Ruiz",WSH,"C32","386","386","386.0","0.0","-49"
"416","Jorge Soler",LAA,"OF81","388","388","388.0","0.0","-15"
"417","Patrick Bailey",SF,"C33","389","389","389.0","0.0","-20"
"418","Lucas Giolito",FA,"SP121","391","391","391.0","0.0","-41"
"419","Moises Ballesteros",CHC,"C34","393","393","393.0","0.0","-37"
"420","Trevor Larnach",MIN,"OF82","394","394","394.0","0.0","-44"
"421","Dean Kremer",BAL,"SP122","395","395","395.0","0.0","+7"
"422","Adrian Houser",SF,"SP123","396","396","396.0","0.0","+93"
"423","Miguel Amaya",CHC,"C35","397","397","397.0","0.0","-17"
"424","Ben Joyce",LAA,"RP50","399","399","399.0","0.0","+76"
"425","Kyle Higashioka",TEX,"C36","402","402","402.0","0.0","+12"
"426","Matt Brash",SEA,"RP51","403","403","403.0","0.0","+6"
"427","Sung-Mun Song",SD,"2B30","404","404","404.0","0.0","+84"
"428","Matthew Liberatore",STL,"SP124","405","405","405.0","0.0","+18"
"429","Nolan Arenado",ARI,"3B25","406","406","406.0","0.0","-21"
"430","Lane Thomas",KC,"OF83","409","409","409.0","0.0","+4"
"431","Kody Clemens",MIN,"1B32","410","410","410.0","0.0","-39"
"432","Tyler O'Neill",BAL,"OF84","411","411","411.0","0.0","-52"
"433","Max Meyer",MIA,"SP125","414","414","414.0","0.0","+7"
"434","Andrew Benintendi",CWS,"OF85","415","415","415.0","0.0","-32"
"435","Aidan Miller",PHI,"SS31","417","417","417.0","0.0","-26"
"436","Kristian Campbell",BOS,"2B31","418","418","418.0","0.0","-53"
"437","Tyler Wells",BAL,"SP126","419","419","419.0","0.0","-27"
"438","Victor Caratini",MIN,"C37","420","420","420.0","0.0","-25"
"439","Joe Mack",MIA,"C38","421","421","421.0","0.0","+11"
"440","Dustin May",STL,"SP127","423","423","423.0","0.0","+27"
"441","Tyler Freeman",COL,"2B32","425","425","425.0","0.0","+1"
"442","Slade Cecconi",CLE,"SP128","426","426","426.0","0.0","-17"
"443","Luis Rengifo",FA,"2B33","427","427","427.0","0.0","-27"
"444","Joe Boyle",TB,"SP,RP12","428","428","428.0","0.0","+10"
"445","Matt Svanson",STL,"RP52","429","429","429.0","0.0","+40"
"446","Andrew Saalfrank",ARI,"RP53","430","430","430.0","0.0","+139"
"447","Shawn Armstrong",CLE,"RP54","431","431","431.0","0.0","+60"
"448","Jordan Romano",LAA,"RP55","432","432","432.0","0.0","+139"
"449","Jacob Melton",TB,"OF86","433","433","433.0","0.0","+89"
"450","Taj Bradley",MIN,"SP129","437","437","437.0","0.0","-33"
"451","Jonathan India",KC,"2B34","438","438","438.0","0.0","-56"
"452","Willi Castro",COL,"2B35","439","439","439.0","0.0","-45"
"453","Michael Soroka",ARI,"SP,RP13","440","440","440.0","0.0","-23"
"454","Matt Strahm",KC,"RP56","441","441","441.0","0.0","+114"
"455","Wenceel Perez",DET,"CF4","442","442","442.0","0.0","-43"
"456","Dalton Rushing",LAD,"C39","443","443","443.0","0.0","-66"
"457","Mick Abel",MIN,"SP130","445","445","445.0","0.0","+12"
"458","Denzel Clarke",ATH,"OF87","447","447","447.0","0.0","-19"
"459","Jared Triolo",PIT,"2B36","448","448","448.0","0.0","-24"
"460","Brooks Baldwin",CWS,"2B37","449","449","449.0","0.0","-2"
"461","Brad Keller",PHI,"RP57","450","450","450.0","0.0","0"
"462","Johan Oviedo",BOS,"SP131","451","451","451.0","0.0","-6"
"463","Romy Gonzalez",BOS,"2B38","452","452","452.0","0.0","-41"
"464","Walker Jenkins",MIN,"OF88","454","454","454.0","0.0","-1"
"465","Troy Johnston",COL,"1B33","457","457","457.0","0.0","+19"
"466","Javier Baez",DET,"SS32","458","458","458.0","0.0","-21"
"467","Spencer Arrighetti",HOU,"SP132","460","460","460.0","0.0","-26"
"468","Zack Gelof",ATH,"2B39","461","461","461.0","0.0","+25"
"469","Louis Varland",TOR,"RP58","463","463","463.0","0.0","+60"
"470","Zach Cole",HOU,"OF89","465","465","465.0","0.0","+22"
"471","Christian Moore",LAA,"2B40","466","466","466.0","0.0","-45"
"472","Hyeseong Kim",LAD,"2B41","468","468","468.0","0.0","-19"
"473","Colin Rea",CHC,"SP,RP14","469","469","469.0","0.0","+2"
"474","Ryan McMahon",NYY,"3B26","470","470","470.0","0.0","-74"
"475","Nathan Lukes",TOR,"OF90","471","471","471.0","0.0","+7"
"476","Gabriel Arias",CLE,"2B42","472","472","472.0","0.0","+11"
"477","Tyler Rogers",TOR,"RP59","473","473","473.0","0.0","+190"
"478","Nolan Gorman",STL,"2B43","474","474","474.0","0.0","-8"
"479","Gregory Soto",PIT,"RP60","475","475","475.0","0.0","+143"
"480","Jimmy Crooks III",STL,"C40","476","476","476.0","0.0","+67"
"481","Nathaniel Lowe",FA,"1B34","477","477","477.0","0.0","-5"
"482","Corbin Burnes",ARI,"SP133","478","478","478.0","0.0","-27"
"483","Javier Sanoja",MIA,"2B44","480","480","480.0","0.0","+31"
"484","Thomas White",MIA,"SP134","482","482","482.0","0.0","-33"
"485","Lourdes Gurriel Jr.",ARI,"OF91","483","483","483.0","0.0","+25"
"486","Colt Emerson",SEA,"SS33","484","484","484.0","0.0","-43"
"487","Alexis Diaz",TEX,"RP61","485","485","485.0","0.0","+106"
"488","Joey Ortiz",MIL,"SS34","486","486","486.0","0.0","-67"
"489","Joshua Baez",STL,"OF92","487","487","487.0","0.0","-8"
"490","Miguel Andujar",FA,"OF93","488","488","488.0","0.0","+1"
"491","Carson Williams",TB,"SS35","489","489","489.0","0.0","-42"
"492","Casey Schmitt",SF,"3B27","490","490","490.0","0.0","-2"
"493","Cade Povich",BAL,"SP135","491","491","491.0","0.0","-22"
"494","Jake Meyers",HOU,"OF94","492","492","492.0","0.0","-30"
"495","C.J. Kayfus",CLE,"1B35","493","493","493.0","0.0","-29"
"496","Matt Vierling",DET,"OF95","494","494","494.0","0.0","+143"
"497","Cole Sands",MIN,"SP,RP15","495","495","495.0","0.0","+26"
"498","Nasim Nunez",WSH,"SS36","496","496","496.0","0.0","-18"
"499","Adael Amador",COL,"2B45","497","497","497.0","0.0","+46"
"500","Brayan Rocchio",CLE,"SS37","498","498","498.0","0.0","-43"
"501","Spencer Jones",FA,"SP136","499","499","499.0","0.0","-"
"502","Coby Mayo",BAL,"1B36","500","500","500.0","0.0","-97"
"503","Christian Scott",NYM,"SP137","501","501","501.0","0.0","-1"
"504","Jacob Latz",TEX,"SP,RP16","502","502","502.0","0.0","-25"
"505","Heriberto Hernandez",MIA,"OF96","503","503","503.0","0.0","0"
"506","Austin Martin",MIN,"2B46","504","504","504.0","0.0","-3"
"507","Grant Holmes",ATL,"SP138","505","505","505.0","0.0","+14"
"508","Patrick Sandoval",BOS,"SP139","506","506","506.0","0.0","+112"
"509","Brandon Sproat",NYM,"SP140","507","507","507.0","0.0","-37"
"510","Elmer Rodriguez-Cruz",NYY,"SP141","508","508","508.0","0.0","+7"
"511","Rhys Hoskins",FA,"1B37","509","509","509.0","0.0","-46"
"512","Colby Thomas",ATH,"OF97","510","510","510.0","0.0","+19"
"513","Kevin Ginkel",ARI,"RP62","511","511","511.0","0.0","+131"
"514","Paul Goldschmidt",FA,"1B38","512","512","512.0","0.0","-31"
"515","Ben Brown",CHC,"SP,RP17","513","513","513.0","0.0","-19"
"516","Quinn Mathews",STL,"SP142","514","514","514.0","0.0","+16"
"517","Ryan Mountcastle",BAL,"1B39","515","515","515.0","0.0","-43"
"518","Rhett Lowder",CIN,"SP143","516","516","516.0","0.0","-24"
"519","Andrew Kittredge",BAL,"RP63","517","517","517.0","0.0","-100"
"520","Christopher Morel",MIA,"LF2","518","518","518.0","0.0","+17"
"521","Alek Thomas",ARI,"OF98","519","519","519.0","0.0","+48"
"522","Aaron Ashby",MIL,"RP64","520","520","520.0","0.0","-3"
"523","Gabe Speier",SEA,"RP65","521","521","521.0","0.0","+186"
"524","Justin Verlander",FA,"SP144","522","522","522.0","0.0","-35"
"525","Max Muncy",ATH,"SS38","523","523","523.0","0.0","-19"
"526","Tim Tawa",ARI,"2B47","524","524","524.0","0.0","+7"
"527","Felix Bautista",BAL,"RP66","525","525","525.0","0.0","+118"
"528","Griffin Conine",MIA,"OF99","527","527","527.0","0.0","+11"
"529","Kumar Rocker",TEX,"SP145","528","528","528.0","0.0","-31"
"530","Cole Winn",TEX,"RP67","529","529","529.0","0.0","+271"
"531","Braxton Garrett",MIA,"SP146","530","530","530.0","0.0","-18"
"532","Nick Gonzales",PIT,"2B48","531","531","531.0","0.0","-10"
"533","Sean Burke",CWS,"SP,RP18","532","532","532.0","0.0","-60"
"534","Ryan Waldschmidt",ARI,"OF100","533","533","533.0","0.0","+7"
"535","Max Clark",DET,"OF101","534","534","534.0","0.0","+13"
"536","Lucas Erceg",KC,"RP68","535","535","535.0","0.0","-32"
"537","Zac Veen",COL,"OF102","536","536","536.0","0.0","-12"
"538","Jack Perkins",FA,"SP,RP19","537","537","537.0","0.0","-"
"539","JP Sears",SD,"SP147","538","538","538.0","0.0","+33"
"540","Joey Bart",PIT,"C41","539","539","539.0","0.0","-63"
"541","Trevor McDonald",SF,"SP,RP20","540","540","540.0","0.0","+9"
"542","Travis Bazzana",CLE,"2B49","541","541","541.0","0.0","-80"
"543","J.T. Ginn",ATH,"SP,RP21","542","542","542.0","0.0","-34"
"544","Anthony Kay",CWS,"SP,RP22","543","543","543.0","0.0","+42"
"545","Angel Martinez",CLE,"LF3","544","544","544.0","0.0","+50"
"546","Brice Matthews",HOU,"2B50","545","545","545.0","0.0","-3"
"547","Jake Bauers",MIL,"1B40","546","546","546.0","0.0","-5"
"548","Cooper Ingle",CLE,"C42","547","547","547.0","0.0","+88"
"549","Ryan Bergert",KC,"SP148","548","548","548.0","0.0","+24"
"550","Jeremiah Jackson",BAL,"3B28","549","549","549.0","0.0","+4"
"551","Max Kepler",FA,"OF103","550","550","550.0","0.0","+14"
"552","Hunter Harvey",CHC,"RP69","551","551","551.0","0.0","+37"
"553","Charlie Condon",COL,"1B41","552","552","552.0","0.0","-35"
"554","Brady House",WSH,"3B29","553","553","553.0","0.0","-59"
"555","Josiah Gray",WSH,"SP149","554","554","554.0","0.0","+231"
"556","Daniel Susac",SF,"C43","555","555","555.0","0.0","+229"
"557","Justin Sterner",ATH,"RP70","556","556","556.0","0.0","-22"
"558","Mauricio Dubon",ATL,"OF104","557","557","557.0","0.0","-50"
"559","Sawyer Gipson-Long",DET,"SP,RP23","558","558","558.0","0.0","-13"
"560","Pavin Smith",ARI,"1B42","559","559","559.0","0.0","-59"
"561","Vaughn Grissom",LAA,"2B51","560","560","560.0","0.0","+42"
"562","Jeferson Quero",MIL,"C44","561","561","561.0","0.0","0"
"563","Seth Halvorsen",COL,"RP71","562","562","562.0","0.0","-5"
"564","Justin Wrobleski",LAD,"RP72","563","563","563.0","0.0","+16"
"565","Connor Phillips",CIN,"RP73","564","564","564.0","0.0","-12"
"566","Robert Gasser",MIL,"SP150","565","565","565.0","0.0","-2"
"567","Kyle Leahy",STL,"RP74","566","566","566.0","0.0","-1"
"568","Garrett Mitchell",MIL,"OF105","567","567","567.0","0.0","-44"
"569","Eric Lauer",TOR,"SP,RP24","568","568","568.0","0.0","-17"
"570","Nick Martinez",FA,"SP,RP25","569","569","569.0","0.0","-30"
"571","Thomas Saggese",STL,"2B52","570","570","570.0","0.0","-27"
"572","Max Scherzer",FA,"SP151","571","571","571.0","0.0","-44"
"573","Bryan Baker",TB,"RP75","572","572","572.0","0.0","+50"
"574","Richard Fitts",STL,"SP152","573","573","573.0","0.0","+1"
"575","Jonah Heim",FA,"C45","574","574","574.0","0.0","-76"
"576","Pedro Pages",STL,"C46","575","575","575.0","0.0","-64"
"577","Dylan Moore",FA,"2B53","576","576","576.0","0.0","+91"
"578","Carmen Mlodzinski",PIT,"SP,RP26","577","577","577.0","0.0","+35"
"579","Foster Griffin",WSH,"RP76","578","578","578.0","0.0","-12"
"580","Nelson Rada",LAA,"OF106","579","579","579.0","0.0","+53"
"581","Janson Junk",MIA,"SP,RP27","580","580","580.0","0.0","+10"
"582","Noah Schultz",CWS,"SP153","581","581","581.0","0.0","+14"
"583","Christian Encarnacion-Strand",CIN,"1B43","582","582","582.0","0.0","-49"
"584","Bryce Elder",ATL,"SP154","583","583","583.0","0.0","+48"
"585","Kai-Wei Teng",SF,"SP,RP28","584","584","584.0","0.0","+64"
"586","Edmundo Sosa",PHI,"SS39","585","585","585.0","0.0","-23"
"587","Hayden Birdsong",SF,"SP,RP29","586","586","586.0","0.0","+13"
"588","Hagen Smith",CWS,"SP155","587","587","587.0","0.0","+113"
"589","Kyle Harrison",BOS,"SP,RP30","588","588","588.0","0.0","-63"
"590","Max Anderson",DET,"2B54","589","589","589.0","0.0","+64"
"591","Mason Montgomery",PIT,"RP77","590","590","590.0","0.0","+87"
"592","Hogan Harris",ATH,"RP78","591","591","591.0","0.0","+6"
"593","Steven Matz",TB,"RP79","592","592","592.0","0.0","+4"
"594","Justin Topa",MIN,"RP80","593","593","593.0","0.0","+68"
"595","Mark Leiter Jr.",ATH,"RP81","594","594","594.0","0.0","+14"
"596","Tobias Myers",MIL,"SP,RP31","595","595","595.0","0.0","+25"
"597","Daniel Schneemann",CLE,"SS40","596","596","596.0","0.0","+17"
"598","Isiah Kiner-Falefa",FA,"3B30","597","597","597.0","0.0","-41"
"599","AJ Blubaugh",HOU,"SP,RP32","598","598","598.0","0.0","-72"
"600","Ke'Bryan Hayes",CIN,"3B31","599","599","599.0","0.0","-122"
"601","Chase Dollander",COL,"SP156","600","600","600.0","0.0","-9"
"602","Tanner McDougal",CWS,"SP157","601","601","601.0","0.0","+57"
"603","Emmanuel Clase",CLE,"RP82","602","602","602.0","0.0","-22"
"604","Joey Loperfido",TOR,"OF107","603","603","603.0","0.0","+90"
"605","Kutter Crawford",BOS,"SP158","604","604","604.0","0.0","-89"
"606","Michael Kopech",FA,"RP83","605","605","605.0","0.0","-35"
"607","Andruw Monasterio",MIL,"2B55","606","606","606.0","0.0","+62"
"608","Robert Hassell III",WSH,"OF108","607","607","607.0","0.0","-4"
"609","Ronny Mauricio",NYM,"2B56","608","608","608.0","0.0","-112"
"610","Jett Williams",NYM,"SS41","609","609","609.0","0.0","-55"
"611","Graham Pauley",MIA,"3B32","610","610","610.0","0.0","+7"
"612","Joc Pederson",TEX,"DH4","611","611","611.0","0.0","-10"
"613","Jaxon Wiggins",CHC,"SP159","612","612","612.0","0.0","-35"
"614","Everson Pereira",CWS,"OF109","613","613","613.0","0.0","+151"
"615","Cole Young",SEA,"2B57","614","614","614.0","0.0","-45"
"616","Blaze Alexander",ARI,"2B58","615","615","615.0","0.0","-96"
"617","Kyle Karros",COL,"3B33","616","616","616.0","0.0","-29"
"618","Ryan Weiss",HOU,"SP160","617","617","617.0","0.0","+57"
"619","Liam Hicks",MIA,"C47","618","618","618.0","0.0","-133"
"620","Jesus Made",MIL,"SS42","619","619","619.0","0.0","+84"
"621","Tyler Kinley",ATL,"RP84","620","620","620.0","0.0","+51"
"622","Stephen Kolek",KC,"SP161","621","621","621.0","0.0","-46"
"623","Jonny DeLuca",TB,"OF110","622","622","622.0","0.0","-62"
"624","Alejandro Osuna",TEX,"OF111","623","623","623.0","0.0","+33"
"625","Sean Newcomb",CWS,"SP,RP33","624","624","624.0","0.0","+56"
"626","Rafael Flores",PIT,"C48","625","625","625.0","0.0","-"
"627","Randy Vasquez",SD,"SP162","626","626","626.0","0.0","+68"
"628","Gage Jump",ATH,"SP163","627","627","627.0","0.0","+2"
"629","River Ryan",LAD,"SP164","628","628","628.0","0.0","-55"
"630","Brad Lord",WSH,"SP,RP34","629","629","629.0","0.0","-11"
"631","Alek Manoah",LAA,"SP165","630","630","630.0","0.0","+12"
"632","Otto Kemp",PHI,"3B34","631","631","631.0","0.0","-24"
"633","Luke Raley",SEA,"OF112","632","632","632.0","0.0","-32"
"634","Cody Bradford",TEX,"SP166","633","633","633.0","0.0","-57"
"635","JR Ritchie",ATL,"SP167","634","634","634.0","0.0","-18"
"636","Curtis Mead",CWS,"3B35","635","635","635.0","0.0","-29"
"637","Luis Matos",SF,"OF113","636","636","636.0","0.0","-26"
"638","Jose Quintana",FA,"SP168","637","637","637.0","0.0","-10"
"639","Masataka Yoshida",BOS,"OF114","638","638","638.0","0.0","-83"
"640","Fernando Cruz",NYY,"RP85","639","639","639.0","0.0","+40"
"641","Cole Henry",WSH,"RP86","640","640","640.0","0.0","+96"
"642","Jason Adam",SD,"RP87","641","641","641.0","0.0","+45"
"643","Jake McCarthy",COL,"OF115","642","642","642.0","0.0","-38"
"644","Emmanuel Rodriguez",MIN,"OF116","643","643","643.0","0.0","-84"
"645","Didier Fuentes",ATL,"SP169","644","644","644.0","0.0","+52"
"646","Blaine Crim",COL,"1B44","645","645","645.0","0.0","+18"
"647","Ryan Ritter",COL,"SS43","646","646","646.0","0.0","+4"
"648","Hunter Barco",PIT,"SP,RP35","647","647","647.0","0.0","-13"
"649","Jose Alvarado",PHI,"RP88","648","648","648.0","0.0","-22"
"650","Adrian Del Castillo",ARI,"C49","649","649","649.0","0.0","-40"
"651","David Festa",MIN,"SP170","650","650","650.0","0.0","-52"
"652","Eric Wagaman",MIN,"1B45","651","651","651.0","0.0","-62"
"653","Nick Fortes",TB,"C50","652","652","652.0","0.0","+8"
"654","Nick Yorke",PIT,"2B59","653","653","653.0","0.0","-8"
"655","Kaelen Culpepper",MIN,"SS44","654","654","654.0","0.0","-26"
"656","Drew Gilbert",SF,"OF117","655","655","655.0","0.0","-6"
"657","Yanquiel Fernandez",COL,"OF118","656","656","656.0","0.0","+20"
"658","Henry Davis",PIT,"C51","657","657","657.0","0.0","-79"
"659","Brody Hopkins",TB,"SP171","658","658","658.0","0.0","+68"
"660","Seranthony Dominguez",FA,"RP89","659","659","659.0","0.0","-78"
"661","Javier Assad",CHC,"SP172","660","660","660.0","0.0","+61"
"662","Sebastian Walcott",TEX,"SS45","661","661","661.0","0.0","-113"
"663","Michael Massey",KC,"2B60","662","662","662.0","0.0","-38"
"664","Coleman Crow",MIL,"SP173","663","663","663.0","0.0","+123"
"665","Connor Wong",BOS,"C52","664","664","664.0","0.0","-31"
"666","Taylor Walls",TB,"SS46","665","665","665.0","0.0","+10"
"667","Ethan Pecko",HOU,"SP174","666","666","666.0","0.0","+52"
"668","Kemp Alderman",MIA,"OF119","667","667","667.0","0.0","+144"
"669","Alan Roden",MIN,"OF120","668","668","668.0","0.0","+55"
"670","Jacob Young",WSH,"OF121","669","669","669.0","0.0","-22"
"671","Davis Schneider",TOR,"2B61","670","670","670.0","0.0","-87"
"672","Luis Perales",WSH,"SP,RP36","671","671","671.0","0.0","+21"
"673","Ryan Clifford",NYM,"1B46","672","672","672.0","0.0","+37"
"674","Carson Whisenhunt",SF,"SP175","673","673","673.0","0.0","+15"
"675","Aaron Civale",FA,"SP,RP37","674","674","674.0","0.0","-33"
"676","Will Benson",CIN,"OF122","675","675","675.0","0.0","+9"
"677","Trey Gibson",BAL,"SP176","676","676","676.0","0.0","-37"
"678","Hunter Gaddis",CLE,"RP90","677","677","677.0","0.0","-119"
"679","Ezequiel Duran",TEX,"3B36","678","678","678.0","0.0","+32"
"680","Jonathon Long",CHC,"1B47","679","679","679.0","0.0","+142"
"681","JJ Bleday",CIN,"OF123","680","680","680.0","0.0","-98"
"682","Jake Fraley",TB,"OF124","681","681","681.0","0.0","+6"
"683","Drey Jameson",ARI,"RP91","682","682","682.0","0.0","-27"
"684","John Means",FA,"SP177","683","683","683.0","0.0","+24"
"685","Orion Kerkering",PHI,"RP92","684","684","684.0","0.0","-47"
"686","Juan Mejia",COL,"RP93","685","685","685.0","0.0","+111"
"687","Gavin Lux",TB,"2B62","686","686","686.0","0.0","-151"
"688","Ricky Tiedemann",TOR,"SP178","687","687","687.0","0.0","-64"
"689","Darell Hernaiz",ATH,"SS47","688","688","688.0","0.0","-16"
"690","Ben Casparius",LAD,"SP,RP38","689","689","689.0","0.0","+66"
"691","Caden Dana",LAA,"SP179","690","690","690.0","0.0","+51"
"692","Yoan Moncada",FA,"3B37","691","691","691.0","0.0","-86"
"693","Daniel Espino",CLE,"SP180","692","692","692.0","0.0","+28"
"694","Mitch Bratt",ARI,"SP181","693","693","693.0","0.0","-4"
"695","Davis Martin",CWS,"SP182","694","694","694.0","0.0","-37"
"696","Logan Allen",FA,"RP94","695","695","695.0","0.0","-"
"697","Ty Johnson",TB,"SP,RP39","696","696","696.0","0.0","+52"
"698","Alex Vesia",LAD,"RP95","697","697","697.0","0.0","-104"
"699","Gunnar Hoglund",ATH,"SP183","698","698","698.0","0.0","+231"
"700","Philip Glasser",WSH,"SS48","699","699","699.0","0.0","-"
"701","Mike Tauchman",FA,"OF125","700","700","700.0","0.0","+77"
"702","Jarlin Susana",WSH,"SP184","701","701","701.0","0.0","+49"
"703","Luis Torrens",NYM,"C53","702","702","702.0","0.0","+31"
"704","Leodalis De Vries",ATH,"SS49","703","703","703.0","0.0","+9"
"705","Tyrone Taylor",NYM,"OF126","704","704","704.0","0.0","+177"
"706","Luisangel Acuna",NYM,"2B63","705","705","705.0","0.0","-75"
"707","George Klassen",LAA,"SP185","706","706","706.0","0.0","+13"
"708","Alex Freeland",LAD,"SS50","707","707","707.0","0.0","-71"
"709","Leody Taveras",BAL,"OF127","708","708","708.0","0.0","+211"
"710","Enrique Bradfield Jr.",BAL,"OF128","709","709","709.0","0.0","-10"
"711","Ryan Ward",LAD,"OF129","710","710","710.0","0.0","+5"
"712","Jose Trevino",CIN,"C54","711","711","711.0","0.0","+26"
"713","Ramon Urias",FA,"3B38","712","712","712.0","0.0","+27"
"714","Bryan Torres",STL,"OF130","713","713","713.0","0.0","+201"
"715","Endy Rodriguez",PIT,"C55","714","714","714.0","0.0","+13"
"716","Drew Anderson",DET,"RP96","715","715","715.0","0.0","-45"
"717","Ryan Zeferjahn",LAA,"RP97","716","716","716.0","0.0","+56"
"718","Kade Anderson",SEA,"SP186","717","717","717.0","0.0","-65"
"719","James Outman",MIN,"OF131","718","718","718.0","0.0","+14"
"720","Jose Fermin",STL,"2B64","719","719","719.0","0.0","+141"
"721","Miguel Rojas",LAD,"SS51","720","720","720.0","0.0","-47"
"722","Dylan Lee",ATL,"RP98","721","721","721.0","0.0","-56"
"723","Joe Jimenez",ATL,"RP99","722","722","722.0","0.0","-68"
"724","Nathan Church",STL,"OF132","723","723","723.0","0.0","+44"
"725","Blake Perkins",MIL,"OF133","724","724","724.0","0.0","+16"
"726","Jack Wenninger",NYM,"SP187","725","725","725.0","0.0","+230"
"727","Yariel Rodriguez",TOR,"RP100","726","726","726.0","0.0","+48"
"728","Yimi Garcia",TOR,"RP101","727","727","727.0","0.0","-36"
"729","Hisanori Takahashi",FA,"RP102","728","728","728.0","0.0","-"
"730","Manuel Rodriguez",TB,"RP103","729","729","729.0","0.0","+284"
"731","Keegan Akin",BAL,"SP,RP40","730","730","730.0","0.0","-115"
"732","James McCann",ARI,"C56","731","731","731.0","0.0","+12"
"733","Ryan Yarbrough",NYY,"SP,RP41","732","732","732.0","0.0","-18"
"734","Tyler Phillips",MIA,"RP104","733","733","733.0","0.0","+38"
"735","Richie Palacios",TB,"OF134","734","734","734.0","0.0","-123"
"736","Brooks Raley",NYM,"RP105","735","735","735.0","0.0","+159"
"737","Connor Prielipp",MIN,"SP188","736","736","736.0","0.0","+67"
"738","Michael Lorenzen",COL,"SP,RP42","737","737","737.0","0.0","-91"
"739","Cody Freeman",TEX,"2B65","738","738","738.0","0.0","+57"
"740","Bobby Miller",LAD,"SP189","739","739","739.0","0.0","+14"
"741","Blade Tidwell",SF,"SP,RP43","740","740","740.0","0.0","-2"
"742","Mike Vasil",CWS,"SP,RP44","741","741","741.0","0.0","+19"
"743","Henry Bolte",ATH,"OF135","742","742","742.0","0.0","+127"
"744","Miguel Ullola",HOU,"SP,RP45","743","743","743.0","0.0","+216"
"745","Jerar Encarnacion",SF,"OF136","744","744","744.0","0.0","-28"
"746","Cristian Mena",ARI,"SP,RP46","745","745","745.0","0.0","+99"
"747","Nate Pearson",HOU,"RP106","746","746","746.0","0.0","+17"
"748","George Valera",CLE,"OF137","747","747","747.0","0.0","-122"
"749","Ty France",FA,"1B48","748","748","748.0","0.0","-53"
"750","Matt Festa",CLE,"RP107","749","749","749.0","0.0","+306"
"751","Junior Perez",ATH,"OF138","750","750","750.0","0.0","+128"
"752","Keider Montero",DET,"SP,RP47","751","751","751.0","0.0","+90"
"753","Ben Williamson",SEA,"3B39","752","752","752.0","0.0","+87"
"754","Hector Rodriguez",CIN,"OF139","753","753","753.0","0.0","+40"
"755","Esteury Ruiz",MIA,"OF140","754","754","754.0","0.0","-72"
"756","Kevin Alcantara",CHC,"OF141","755","755","755.0","0.0","-44"
"757","Tink Hence",STL,"SP190","756","756","756.0","0.0","+156"
"758","Zach Maxwell",CIN,"RP108","757","757","757.0","0.0","+8"
"759","Amed Rosario",NYY,"2B66","758","758","758.0","0.0","-54"
"760","Jesus Rodriguez",SF,"C57","759","759","759.0","0.0","-24"
"761","David Davalillo",TEX,"SP191","760","760","760.0","0.0","+116"
"762","Hunter Dobbins",STL,"SP192","761","761","761.0","0.0","-59"
"763","David Hamilton",BOS,"SS52","762","762","762.0","0.0","-3"
"764","Andres Chaparro",WSH,"1B49","763","763","763.0","0.0","+226"
"765","Drew Pomeranz",LAA,"SP,RP48","764","764","764.0","0.0","-39"
"766","Heston Kjerstad",BAL,"LF4","765","765","765.0","0.0","-60"
"767","Esmerlyn Valdez",PIT,"RF3","766","766","766.0","0.0","-60"